<?xml version="1.0" encoding="UTF-8"?>
<project-private xmlns="http://www.netbeans.org/ns/project-private/1">
    <editor-bookmarks xmlns="http://www.netbeans.org/ns/editor-bookmarks/2" lastBookmarkId="0"/>
    <open-files xmlns="http://www.netbeans.org/ns/projectui-open-files/2">
        <group>
            <file>file:/C:/xampp/htdocs/socmed_climaco_d/res/style.css</file>
            <file>file:/C:/xampp/htdocs/socmed_climaco_d/models/dbconnection.php</file>
            <file>file:/C:/xampp/htdocs/socmed_climaco_d/views/header.php</file>
            <file>file:/C:/xampp/htdocs/socmed_climaco_d/login.php</file>
            <file>file:/C:/xampp/htdocs/socmed_climaco_d/res/fish.jpg</file>
            <file>file:/C:/xampp/htdocs/socmed_climaco_d/index.php</file>
            <file>file:/C:/xampp/htdocs/socmed_climaco_d/models/login_user.php</file>
            <file>file:/C:/xampp/htdocs/socmed_climaco_d/models/register_user.php</file>
            <file>file:/C:/xampp/htdocs/socmed_climaco_d/register.php</file>
            <file>file:/C:/xampp/htdocs/socmed_climaco_d/res/cats.jpg</file>
            <file>file:/C:/xampp/htdocs/socmed_climaco_d/userprofile.php</file>
            <file>file:/C:/xampp/htdocs/socmed_climaco_d/views/footer.php</file>
            <file>file:/C:/xampp/htdocs/socmed_climaco_d/profile.php</file>
        </group>
    </open-files>
</project-private>
